select * from all_tables;

select * from mem;
select * from post order by pdate asc;
SELECT * FROM POST WHERE ROWNUM <=2 ORDER BY PDATE deSC;
select * from mem;
drop table mem;

create table mem(
	mid varchar(15) primary key, --ì•„ì´ë””
    name varchar(15), --ì´ë¦„
    mpw varchar(10) --íŒ¨ìŠ¤ì›Œë“œ
);
insert into mem values ('qwe','ë‹¹ê·¼','1212');
insert into mem values ('asd','ì˜¤ì´','1212');

create table post(
	pnum int primary key, --ê²Œì‹œê¸€ ê³ ìœ ë„˜ë²„
	mid varchar(15) not null, --ì•„ì´ë””
	content varchar(100) not null, --ë‚´ìš©
	favcnt int default 0, --ì¢‹ì•„ìš”
	-- comcnt int default 0, --ëŒ“ê¸€ìˆ˜
	pdate date default sysdate --ìž‘ì„±ì¼
);
insert into post values (1,'qwe','welcome welcome !',2,sysdate);
insert into post values (2,'asd','second post here',0,sysdate);
insert into post values (3,'qwe','today is 9/14',0,sysdate);
insert into post values (4,'asd','â˜â˜â˜â˜â˜ðŸŒ¤â˜â˜',0,sysdate);
select * from post where rownum<=2 order by pnum desc;

create table comm(
	cnum int primary key, --ëŒ“ê¸€ ê³ ìœ ë„˜ë²„
	pnum int, --ê²Œì‹œê¸€ ë„˜ë²„
	mid varchar(15) not null, --ì•„ì´ë””
	cdate date default sysdate, --ìž‘ì„±ì¼
	comm varchar(20) not null, --ëŒ“ê¸€ë‚´ìš©
	constraint postcomm foreign key (pnum) references post (pnum) on delete cascade
);
insert into comm values (1,2,'qwe',sysdate,'hi!');
insert into comm values (2,1,'asd',sysdate,':)');
insert into comm values (3,3,'asd',sysdate,':)');
insert into comm values (4,3,'qwe',sysdate,'914!!');
insert into comm values (5,4,'qwe',sysdate,'â˜â˜');



